{"epoch": 32, "_timestamp": 1673854795, "_runtime": 3648, "_step": 5242, "tot_loss": 0.040410999208688736, "cc_loss": 0.030274691060185432, "contr_loss": 0.0073646195232868195, "_val_loss": 0.05698971450328827, "_wandb": {"runtime": 3650}}