{"epoch": 0, "_timestamp": 1673944292, "_runtime": 26, "_step": 29, "tot_loss": 0.14339901506900787, "cc_loss": 0.026246152818202972, "contr_loss": 0.1171528622508049, "_wandb": {"runtime": 28}}