{"epoch": 68, "_timestamp": 1673879682.5195653, "_runtime": 8478.84377026558, "_step": 10812, "tot_loss": 0.03230375424027443, "cc_loss": 0.020078105852007866, "contr_loss": 0.008598024025559425, "_val_loss": 0.05991774797439575, "_wandb": {"runtime": 8478}}