{"epoch": 38, "_timestamp": 1673864785.0450473, "_runtime": 4262.843387365341, "_step": 6084, "tot_loss": 0.057604994624853134, "cc_loss": 0.046271227300167084, "contr_loss": 0.008199562318623066, "_val_loss": 0.05828744173049927, "_wandb": {"runtime": 4262}}