{"epoch": 44, "_timestamp": 1673893159.718614, "_runtime": 5402.345945119858, "_step": 6996, "tot_loss": 0.046807222068309784, "cc_loss": 0.03343874588608742, "contr_loss": 0.013368478044867516, "_val_loss": 0.05847657844424248, "_wandb": {"runtime": 5401}}