{"epoch": 43, "_timestamp": 1673891665.3847575, "_runtime": 5267.21379160881, "_step": 6837, "tot_loss": 0.0497836209833622, "cc_loss": 0.02865917608141899, "contr_loss": 0.013455551117658615, "_val_loss": 0.05582665279507637, "_wandb": {"runtime": 5266}}