{"epoch": 39, "_timestamp": 1673859827.4044592, "_runtime": 4079.2476801872253, "_step": 6201, "tot_loss": 0.029342345893383026, "cc_loss": 0.01676982082426548, "contr_loss": 0.012572524137794971, "_val_loss": 0.0560433454811573, "_wandb": {"runtime": 4078}}