{"epoch": 41, "_timestamp": 1673882054.203583, "_runtime": 5108.310390949249, "_step": 6519, "tot_loss": 0.04633234813809395, "cc_loss": 0.032106220722198486, "contr_loss": 0.014226127415895462, "_val_loss": 0.0576377771794796, "_wandb": {"runtime": 5107}}