{"epoch": 2, "_timestamp": 1674021831, "_runtime": 467, "_step": 418, "tot_loss": 0.05268947035074234, "cc_loss": 0.0447230190038681, "contr_loss": 0.007966449484229088, "_val_loss": 0.042976442724466324, "_wandb": {"runtime": 469}}