{"epoch": 45, "_timestamp": 1673860505.2136545, "_runtime": 4745.0344405174255, "_step": 7155, "tot_loss": 0.04203178733587265, "cc_loss": 0.02466975711286068, "contr_loss": 0.012158400379121304, "_val_loss": 0.05664321407675743, "_wandb": {"runtime": 4744}}