{"epoch": 43, "_timestamp": 1673864371.506094, "_runtime": 4524.211373090744, "_step": 6837, "tot_loss": 0.05586346611380577, "cc_loss": 0.04103531688451767, "contr_loss": 0.014828150160610676, "_val_loss": 0.05688774585723877, "_wandb": {"runtime": 4523}}