{"epoch": 1, "_timestamp": 1673926658, "_runtime": 198, "_step": 228, "tot_loss": 0.06474292278289795, "cc_loss": 0.01800735853612423, "contr_loss": 0.04548012092709541, "_val_loss": 0.08584573119878769}