{"epoch": 42, "_timestamp": 1673870216.1732752, "_runtime": 5259.567495346069, "_step": 6678, "tot_loss": 0.02498212456703186, "cc_loss": 0.014611908234655857, "contr_loss": 0.010370217263698578, "_val_loss": 0.05668225884437561, "_wandb": {"runtime": 5259}}