{"epoch": 1, "_timestamp": 1674630648.9052978, "_runtime": 94.97735381126404, "_step": 157, "tot_loss": 0.03292333334684372, "cc_loss": 0.0214452613145113, "contr_loss": 0.011478071101009846}