{"epoch": 46, "_timestamp": 1673887740.0051463, "_runtime": 5668.243195295334, "_step": 7314, "tot_loss": 0.04812111333012581, "cc_loss": 0.03295991197228432, "contr_loss": 0.015161201357841492, "_val_loss": 0.0574495829641819, "_wandb": {"runtime": 5667}}