{"epoch": 56, "_timestamp": 1673898152.780976, "_runtime": 6471.14904499054, "_step": 8904, "tot_loss": 0.040596652776002884, "cc_loss": 0.024643130600452423, "contr_loss": 0.009377926588058472, "_val_loss": 0.05686834082007408, "_wandb": {"runtime": 6470}}