{"epoch": 42, "_timestamp": 1674626531.8425965, "_runtime": 4.452874422073364, "_step": 0, "_wandb": {"runtime": 3}}