{"epoch": 50, "_timestamp": 1673871185.8412514, "_runtime": 6228.114930391312, "_step": 7950, "tot_loss": 0.048804376274347305, "cc_loss": 0.03090636618435383, "contr_loss": 0.010616330429911613, "_val_loss": 0.0571620911359787, "_wandb": {"runtime": 6227}}