{"epoch": 54, "_timestamp": 1673886380.7719219, "_runtime": 6679.710489988327, "_step": 8586, "tot_loss": 0.05382755398750305, "cc_loss": 0.028007401153445244, "contr_loss": 0.011198049411177635, "_val_loss": 0.05793655663728714, "_wandb": {"runtime": 6679}}