{"epoch": 0, "_timestamp": 1673944208, "_runtime": 113, "_step": 157, "tot_loss": 0.05623778700828552, "cc_loss": 0.022029956802725792, "contr_loss": 0.03420783206820488, "_wandb": {"runtime": 123}}