{"epoch": 3, "_timestamp": 1673864774.62513, "_runtime": 386.55076599121094, "_step": 634, "tot_loss": 0.04801211506128311, "cc_loss": 0.022271394729614258, "contr_loss": 0.025740718469023705, "_val_loss": 0.06599440425634384, "_wandb": {"runtime": 394}}