{"epoch": 48, "_timestamp": 1673926444, "_runtime": 7069, "_step": 7632, "tot_loss": 0.043905891478061676, "cc_loss": 0.019571345299482346, "contr_loss": 0.015719985589385033, "_val_loss": 0.05678413435816765, "_wandb": {"runtime": 7070}}