{"epoch": 47, "_timestamp": 1673959435, "_runtime": 15013, "_step": 7473, "tot_loss": 0.020909754559397697, "cc_loss": 0.01941164769232273, "contr_loss": 0.0010670486371964216, "_val_loss": 0.03366314247250557, "_wandb": {"runtime": 15014}}