{"epoch": 3, "_timestamp": 1673944208, "_runtime": 663, "_step": 634, "tot_loss": 0.035543981939554214, "cc_loss": 0.028103526681661606, "contr_loss": 0.006514298729598522, "_val_loss": 0.03943733870983124, "_wandb": {"runtime": 701}}