{"epoch": 53, "_timestamp": 1673876928.0330098, "_runtime": 6687.940952777863, "_step": 8427, "tot_loss": 0.04326402023434639, "cc_loss": 0.02548282966017723, "contr_loss": 0.01778119057416916, "_val_loss": 0.05702326446771622, "_wandb": {"runtime": 6687}}