{"epoch": 70, "_timestamp": 1673962880, "_runtime": 18481, "_step": 10653, "tot_loss": 0.04911617562174797, "cc_loss": 0.039639662951231, "contr_loss": 0.0016389922238886356, "_val_loss": 0.03458082303404808, "_wandb": {"runtime": 18482}}