{"epoch": 43, "_timestamp": 1673958484, "_runtime": 14034, "_step": 6678, "tot_loss": 0.018167966976761818, "cc_loss": 0.016219550743699074, "contr_loss": 0.0014082191046327353, "_val_loss": 0.03438358008861542, "_wandb": {"runtime": 14034}}