{"epoch": 1, "_timestamp": 1673944358, "_runtime": 234, "_step": 270, "tot_loss": 0.04582719877362251, "cc_loss": 0.027215586975216866, "contr_loss": 0.01797146163880825, "_val_loss": 0.05367998778820038}