{"epoch": 1, "_timestamp": 1673854793, "_runtime": 158, "_step": 260, "tot_loss": 0.08752232044935226, "cc_loss": 0.03070622682571411, "contr_loss": 0.05681609362363815, "_val_loss": 0.08425356447696686, "_wandb": {"runtime": 158}}