{"epoch": 1, "_timestamp": 1674630143.0263944, "_runtime": 3586.971004486084, "_step": 316, "tot_loss": 0.06034958362579346, "cc_loss": 0.048231422901153564, "contr_loss": 0.012118158861994743, "_val_loss": 0.052957113832235336, "_wandb": {"runtime": 3929}}