{"epoch": 22, "_timestamp": 1673919355, "_runtime": 3264, "_step": 3574, "tot_loss": 0.04092562198638916, "cc_loss": 0.03304236754775047, "contr_loss": 0.007883254438638687, "_val_loss": 0.05731383338570595, "_wandb": {"runtime": 3267}}